{
  "XRP:\ud83d\udd34_RSI_EXTREMO_[4h]_Sobrecomprado:_83.8_\u2014": 1773714361.247056,
  "ZEC:\ud83d\udcd7_VWAP+EMA_[5m]_LONG\n__EMA9_cruzou_EMA20": 1773714394.734962,
  "ZEC:\ud83d\udd34_RSI_EXTREMO_[4h]_Sobrecomprado:_86.0_\u2014": 1773714398.013254,
  "XRP:\ud83d\udd34_RSI_EXTREMO_[4h]_Sobrecomprado:_85.1_\u2014": 1773716414.858362,
  "TRX:\ud83d\udd35_BB_SQUEEZE_[4h]_Compress\u00e3o_extrema_(2.": 1773741664.501793,
  "XMR:\ud83d\udd04_SETUP_9.1_[4h]_LONG\n__EMA9_virou_p/_ci": 1773738077.685785,
  "XRP:\ud83d\udd34_RSI_EXTREMO_[4h]_Sobrecomprado:_81.0_\u2014": 1773720014.900712,
  "ZEC:\ud83d\udd34_RSI_EXTREMO_[4h]_Sobrecomprado:_80.0_\u2014": 1773720052.584676,
  "TRX:\ud83d\udd35_BB_SQUEEZE_[4h]_Compress\u00e3o_extrema_(1.": 1773734464.503853,
  "UNI:\ud83d\udd04_SETUP_9.1_[4h]_LONG\n__EMA9_virou_p/_ci": 1773720080.84493,
  "RENDER:\ud83d\udd04_SETUP_9.1_[4h]_SHORT\n__EMA9_virou_p/_b": 1773745228.629545,
  "TRX:\ud83d\udd04_SETUP_9.1_[4h]_SHORT\n__EMA9_virou_p/_b": 1773723661.199742,
  "POL:\ud83d\udd04_SETUP_9.1_[4h]_SHORT\n__EMA9_virou_p/_b": 1773752466.290332,
  "ICP:\ud83d\udd04_SETUP_9.1_[4h]_SHORT\n__EMA9_virou_p/_b": 1773752473.662789,
  "UNI:\ud83d\udcd5_VWAP+EMA_[1h]_SHORT\n__EMA9_cruzou_EMA2": 1773723678.915394,
  "TAO:\ud83d\udd04_SETUP_9.1_[4h]_SHORT\n__EMA9_virou_p/_b": 1773727216.829775,
  "HBAR:\ud83d\udd04_SETUP_9.1_[4h]_SHORT\n__EMA9_virou_p/_b": 1773752447.858168,
  "DOGE:\ud83d\udd04_SETUP_9.1_[4h]_SHORT\n__EMA9_virou_p/_b": 1773727260.246596,
  "QUBIC:\ud83d\udd04_SETUP_9.1_[4h]_SHORT\n__EMA9_virou_p/_b": 1773727293.731114,
  "VIRTUAL:\ud83d\udcd7_VWAP+EMA_[15m]_LONG\n__EMA9_cruzou_EMA2": 1773734419.242148,
  "BTC:\ud83d\udcd5_VWAP+EMA_[5m]_SHORT\n__EMA9_cruzou_EMA2": 1773738003.651391,
  "RENDER:\ud83d\udcd7_VWAP+EMA_[15m]_LONG\n__EMA9_cruzou_EMA2": 1773738026.895002,
  "LINK:\ud83d\udcd5_VWAP+EMA_[5m]_SHORT\n__EMA9_cruzou_EMA2": 1773738037.544111,
  "LTC:\ud83d\udcd5_VWAP+EMA_[5m]_SHORT\n__EMA9_cruzou_EMA2": 1773738068.264249,
  "TAO:\ud83d\udd04_SETUP_9.1_[4h]_LONG\n__EMA9_virou_p/_ci": 1773741619.035767,
  "ADA:\ud83d\udcd7_VWAP+EMA_[5m]_LONG\n__EMA9_cruzou_EMA20": 1773741624.360863,
  "DOGE:\ud83d\udcd5_VWAP+EMA_[5m]_SHORT\n__EMA9_cruzou_EMA2": 1773741657.53818,
  "ICP:\ud83d\udd04_SETUP_9.1_[4h]_LONG\n__EMA9_virou_p/_ci": 1773741674.433347,
  "BTC:\ud83d\udd04_SETUP_9.1_[4h]_SHORT\n__EMA9_virou_p/_b": 1773752406.080945,
  "SOL:\ud83d\udd04_SETUP_9.1_[4h]_SHORT\n__EMA9_virou_p/_b": 1773752409.869534,
  "VIRTUAL:\ud83d\udd04_SETUP_9.1_[4h]_SHORT\n__EMA9_virou_p/_b": 1773752421.746166,
  "AAVE:\ud83d\udcd5_VWAP+EMA_[15m]_SHORT\n__EMA9_cruzou_EMA": 1773752434.750778,
  "LTC:\ud83d\udd04_SETUP_9.1_[4h]_SHORT\n__EMA9_virou_p/_b": 1773752469.978689,
  "UNI:\ud83d\udd04_SETUP_9.1_[1d]_SHORT\n__EMA9_virou_p/_b": 1773752481.8546,
  "VET:\ud83d\udd04_SETUP_9.1_[4h]_SHORT\n__EMA9_virou_p/_b": 1773752485.131855,
  "XRP:\ud83d\udd04_SETUP_9.1_[4h]_SHORT\n__EMA9_virou_p/_b": 1773756013.497066
}